30, 0
30, -30
0, -30
0, -60
0, -90
30, -90
30, -60
60, -60
60, -90
90, -90
90, -60
90, -30
60, -29
60, 0
90, 0
120, 0
120, -29
150, -29
150, 0
180, 0
210, 0
210, -29
180, -30
180, -60
210, -60
210, -90
180, -90
150, -90
150, -60
120, -60
120, -90
120, -120
120, -150
150, -150
150, -120
180, -120
210, -120
210, -150
180, -150
180, -180
210, -180
210, -210
180, -210
150, -210
150, -180
120, -180
120, -210
90, -210
60, -210
59, -180
90, -180
90, -150
90, -120
60, -120
60, -150
30, -150
29, -120
0, -120
0, -150
0, -180
29, -180
30, -210
0, -210
0, -240
0, -270
30, -270
30, -240
60, -240
90, -240
90, -270
60, -270
60, -300
90, -300
90, -330
60, -330
30, -330
29, -300
0, -300
0, -330
0, -360
29, -360
30, -390
0, -390
0, -420
0, -450
30, -450
30, -420
60, -420
60, -450
90, -450
90, -420
90, -390
60, -390
60, -360
90, -360
120, -360
150, -360
150, -390
120, -390
120, -420
120, -450
150, -450
150, -420
180, -420
180, -450
210, -450
210, -420
210, -390
180, -390
180, -360
210, -360
210, -330
210, -300
180, -300
180, -330
150, -330
120, -330
120, -300
150, -300
150, -270
120, -270
120, -240
150, -240
180, -240
180, -270
210, -270
210, -240
240, -240
240, -270
270, -270
270, -240
300, -240
330, -240
330, -270
300, -270
300, -300
330, -300
330, -330
300, -330
270, -330
270, -300
240, -300
240, -330
240, -360
270, -360
270, -390
240, -390
240, -420
240, -450
270, -450
270, -420
300, -420
300, -450
330, -450
330, -420
330, -390
300, -390
300, -360
330, -360
360, -360
390, -360
390, -390
360, -390
360, -420
360, -450
390, -450
390, -420
420, -420
420, -450
450, -450
450, -420
450, -390
420, -390
420, -360
450, -360
450, -330
450, -300
420, -300
420, -330
390, -330
360, -330
360, -300
390, -300
390, -270
360, -270
360, -240
390, -240
420, -240
420, -270
450, -270
450, -240
450, -210
420, -210
420, -180
450, -180
450, -150
450, -120
420, -120
420, -150
390, -150
390, -120
360, -120
360, -150
360, -180
390, -180
390, -210
360, -210
330, -210
330, -180
300, -180
300, -210
270, -210
240, -210
240, -180
270, -180
270, -150
240, -150
240, -120
270, -120
300, -120
300, -150
330, -150
330, -120
330, -90
330, -60
300, -59
300, -90
270, -90
240, -90
240, -60
270, -60
270, -30
240, -29
240, 0
270, 0
300, 0
300, -29
330, -29
330, 0
360, 0
390, 0
390, -29
360, -30
360, -60
360, -90
390, -90
390, -60
420, -60
420, -90
450, -90
450, -60
450, -30
420, -29
420, 0
450, 0
480, 0
480, -29
510, -29
510, 0
540, 0
570, 0
570, -29
540, -30
540, -60
570, -60
570, -90
540, -90
510, -90
510, -60
480, -60
480, -90
480, -120
510, -120
510, -150
480, -150
480, -180
480, -210
510, -210
510, -180
540, -180
540, -210
570, -210
570, -180
570, -150
540, -150
540, -120
570, -120
600, -120
630, -120
630, -150
600, -150
600, -180
600, -210
630, -210
630, -180
660, -180
660, -210
690, -210
690, -180
690, -150
660, -150
660, -120
690, -120
690, -90
690, -60
660, -59
660, -90
630, -90
600, -90
600, -60
630, -60
630, -30
600, -29
600, 0
630, 0
660, 0
660, -29
690, -29
690, 0
720, 0
750, 0
750, -29
720, -30
720, -60
720, -90
750, -90
750, -60
780, -60
780, -90
810, -90
810, -60
810, -30
780, -29
780, 0
810, 0
840, 0
840, -29
870, -29
870, 0
900, 0
930, 0
930, -29
900, -30
900, -60
930, -60
930, -90
900, -90
870, -90
870, -60
840, -60
840, -90
840, -120
840, -150
870, -150
870, -120
900, -120
930, -120
930, -150
900, -150
900, -180
930, -180
930, -210
900, -210
870, -210
870, -180
840, -180
840, -210
810, -210
780, -210
780, -180
810, -180
810, -150
810, -120
780, -120
780, -150
750, -150
750, -120
720, -120
720, -150
720, -180
750, -180
750, -210
720, -210
720, -240
750, -240
750, -270
720, -270
720, -300
720, -330
750, -330
750, -300
780, -300
780, -330
810, -330
810, -300
810, -270
780, -270
780, -240
810, -240
840, -240
840, -270
870, -270
870, -240
900, -240
930, -240
930, -270
900, -270
900, -300
930, -300
930, -330
900, -330
870, -330
870, -300
840, -300
840, -330
840, -360
840, -390
870, -390
870, -360
900, -360
930, -360
930, -390
900, -390
900, -420
930, -420
930, -450
900, -450
870, -450
870, -420
840, -420
840, -450
810, -450
780, -450
780, -420
810, -420
810, -390
810, -360
780, -360
780, -390
750, -390
750, -360
720, -360
720, -390
720, -420
750, -420
750, -450
720, -450
690, -450
690, -420
660, -420
660, -450
630, -450
600, -450
600, -420
630, -420
630, -390
600, -390
600, -360
630, -360
660, -360
660, -390
690, -390
690, -360
690, -330
660, -330
660, -300
690, -300
690, -270
690, -240
660, -240
660, -270
630, -270
630, -240
600, -240
600, -270
600, -300
630, -300
630, -330
600, -330
570, -330
540, -330
540, -300
570, -300
570, -270
570, -240
540, -240
540, -270
510, -270
510, -240
480, -240
480, -270
480, -300
510, -300
510, -330
480, -330
480, -360
480, -390
510, -390
510, -360
540, -360
570, -360
570, -390
540, -390
540, -420
570, -420
570, -450
540, -450
510, -450
510, -420
480, -420
480, -450
480, -480
480, -510
510, -510
510, -480
540, -480
570, -480
570, -510
540, -510
540, -540
570, -540
570, -570
540, -570
510, -570
510, -540
480, -540
480, -570
480, -600
510, -600
510, -630
480, -630
480, -660
480, -690
510, -690
510, -660
540, -660
540, -690
570, -690
570, -660
570, -630
540, -630
540, -600
570, -600
600, -600
630, -600
630, -630
600, -630
600, -660
600, -690
630, -690
630, -660
660, -660
660, -690
690, -690
690, -660
690, -630
660, -630
660, -600
690, -600
690, -570
690, -540
660, -540
660, -570
630, -570
600, -570
600, -540
630, -540
630, -510
600, -510
600, -480
630, -480
660, -480
660, -510
690, -510
690, -480
720, -480
750, -480
750, -510
720, -510
720, -540
720, -570
750, -570
750, -540
780, -540
780, -570
810, -570
810, -540
810, -510
780, -510
780, -480
810, -480
840, -480
840, -510
870, -510
870, -480
900, -480
930, -480
930, -510
900, -510
900, -540
930, -540
930, -570
900, -570
870, -570
870, -540
840, -540
840, -570
840, -600
840, -630
870, -630
870, -600
900, -600
930, -600
930, -630
900, -630
900, -660
930, -660
930, -690
900, -690
870, -690
870, -660
840, -660
840, -690
810, -690
780, -690
780, -660
810, -660
810, -630
810, -600
780, -600
780, -630
750, -630
750, -600
720, -600
720, -630
720, -660
750, -660
750, -690
720, -690
720, -720
750, -720
750, -750
720, -750
720, -780
720, -810
750, -810
750, -780
780, -780
780, -810
810, -810
810, -780
810, -750
780, -750
780, -720
810, -720
840, -720
840, -750
870, -750
870, -720
900, -720
930, -720
930, -750
900, -750
900, -780
930, -780
930, -810
900, -810
870, -810
870, -780
840, -780
840, -810
840, -840
840, -870
870, -870
870, -840
900, -840
930, -840
930, -870
900, -870
900, -900
930, -900
930, -930
900, -930
870, -930
870, -900
840, -900
840, -930
810, -930
780, -930
780, -900
810, -900
810, -870
810, -840
780, -840
780, -870
750, -870
750, -840
720, -840
720, -870
720, -900
750, -900
750, -930
720, -930
690, -930
690, -900
660, -900
660, -930
630, -930
600, -930
600, -900
630, -900
630, -870
600, -870
600, -840
630, -840
660, -840
660, -870
690, -870
690, -840
690, -810
660, -810
660, -780
690, -780
690, -750
690, -720
660, -720
660, -750
630, -750
630, -720
600, -720
600, -750
600, -780
630, -780
630, -810
600, -810
570, -810
540, -810
540, -780
570, -780
570, -750
570, -720
540, -720
540, -750
510, -750
510, -720
480, -720
480, -750
480, -780
510, -780
510, -810
480, -810
480, -840
480, -870
510, -870
510, -840
540, -840
570, -840
570, -870
540, -870
540, -900
570, -900
570, -930
540, -930
510, -930
510, -900
480, -900
480, -930
450, -930
420, -930
420, -900
450, -900
450, -870
450, -840
420, -840
420, -870
390, -870
390, -840
360, -840
360, -870
360, -900
390, -900
390, -930
360, -930
330, -930
330, -900
300, -900
300, -930
270, -930
240, -930
240, -900
270, -900
270, -870
240, -870
240, -840
270, -840
300, -840
300, -870
330, -870
330, -840
330, -810
330, -780
300, -780
300, -810
270, -810
240, -810
240, -780
270, -780
270, -750
240, -750
240, -720
270, -720
300, -720
300, -750
330, -750
330, -720
360, -720
390, -720
390, -750
360, -750
360, -780
360, -810
390, -810
390, -780
420, -780
420, -810
450, -810
450, -780
450, -750
420, -750
420, -720
450, -720
450, -690
450, -660
420, -660
420, -690
390, -690
360, -690
360, -660
390, -660
390, -630
360, -630
360, -600
390, -600
420, -600
420, -630
450, -630
450, -600
450, -570
420, -570
420, -540
450, -540
450, -510
450, -480
420, -480
420, -510
390, -510
390, -480
360, -480
360, -510
360, -540
390, -540
390, -570
360, -570
330, -570
300, -570
300, -540
330, -540
330, -510
330, -480
300, -480
300, -510
270, -510
270, -480
240, -480
240, -510
240, -540
270, -540
270, -570
240, -570
240, -600
240, -630
270, -630
270, -600
300, -600
330, -600
330, -630
300, -630
300, -660
330, -660
330, -690
300, -690
270, -690
270, -660
240, -660
240, -690
210, -690
210, -660
180, -660
180, -690
150, -690
120, -690
120, -660
150, -660
150, -630
120, -630
120, -600
150, -600
180, -600
180, -630
210, -630
210, -600
210, -570
180, -570
180, -540
210, -540
210, -510
210, -480
180, -480
180, -510
150, -510
150, -480
120, -480
120, -510
120, -540
150, -540
150, -570
120, -570
90, -570
60, -570
59, -540
90, -540
90, -510
90, -480
60, -480
60, -510
30, -510
29, -480
0, -480
0, -510
0, -540
29, -540
30, -570
0, -570
0, -600
0, -630
30, -630
30, -600
60, -600
90, -600
90, -630
60, -630
60, -660
90, -660
90, -690
60, -690
30, -690
29, -660
0, -660
0, -690
0, -720
29, -720
30, -750
0, -750
0, -780
0, -810
30, -810
30, -780
60, -780
60, -810
90, -810
90, -780
90, -750
60, -750
60, -720
90, -720
120, -720
120, -750
150, -750
150, -720
180, -720
210, -720
210, -750
180, -750
180, -780
210, -780
210, -810
180, -810
150, -810
150, -780
120, -780
120, -810
120, -840
120, -870
150, -870
150, -840
180, -840
210, -840
210, -870
180, -870
180, -900
210, -900
210, -930
180, -930
150, -930
150, -900
120, -900
120, -930
90, -930
60, -930
59, -900
90, -900
90, -870
90, -840
60, -840
60, -870
30, -870
29, -840
0, -840
0, -870
0, -900
29, -900
30, -930
0, -930
0, -960
0, -990
30, -990
30, -960
60, -960
90, -960
90, -990
60, -990
60, -1020
90, -1020
90, -1050
60, -1050
30, -1050
29, -1020
0, -1020
0, -1050
0, -1080
29, -1080
30, -1110
0, -1110
0, -1140
0, -1170
30, -1170
30, -1140
60, -1140
60, -1170
90, -1170
90, -1140
90, -1110
60, -1110
60, -1080
90, -1080
120, -1080
150, -1080
150, -1110
120, -1110
120, -1140
120, -1170
150, -1170
150, -1140
180, -1140
180, -1170
210, -1170
210, -1140
210, -1110
180, -1110
180, -1080
210, -1080
210, -1050
210, -1020
180, -1020
180, -1050
150, -1050
120, -1050
120, -1020
150, -1020
150, -990
120, -990
120, -960
150, -960
180, -960
180, -990
210, -990
210, -960
240, -960
270, -960
270, -990
240, -990
240, -1020
240, -1050
270, -1050
270, -1020
300, -1020
300, -1050
330, -1050
330, -1020
330, -990
300, -990
300, -960
330, -960
360, -960
360, -990
390, -990
390, -960
420, -960
450, -960
450, -990
420, -990
420, -1020
450, -1020
450, -1050
420, -1050
390, -1050
390, -1020
360, -1020
360, -1050
360, -1080
360, -1110
390, -1110
390, -1080
420, -1080
450, -1080
450, -1110
420, -1110
420, -1140
450, -1140
450, -1170
420, -1170
390, -1170
390, -1140
360, -1140
360, -1170
330, -1170
300, -1170
300, -1140
330, -1140
330, -1110
330, -1080
300, -1080
300, -1110
270, -1110
270, -1080
240, -1080
240, -1110
240, -1140
270, -1140
270, -1170
240, -1170
240, -1200
270, -1200
270, -1230
240, -1230
240, -1260
240, -1290
270, -1290
270, -1260
300, -1260
300, -1290
330, -1290
330, -1260
330, -1230
300, -1230
300, -1200
330, -1200
360, -1200
360, -1230
390, -1230
390, -1200
420, -1200
450, -1200
450, -1230
420, -1230
420, -1260
450, -1260
450, -1290
420, -1290
390, -1290
390, -1260
360, -1260
360, -1290
360, -1320
360, -1350
390, -1350
390, -1320
420, -1320
450, -1320
450, -1350
420, -1350
420, -1380
450, -1380
450, -1410
420, -1410
390, -1410
390, -1380
360, -1380
360, -1410
330, -1410
300, -1410
300, -1380
330, -1380
330, -1350
330, -1320
300, -1320
300, -1350
270, -1350
270, -1320
240, -1320
240, -1350
240, -1380
270, -1380
270, -1410
240, -1410
210, -1410
210, -1380
180, -1380
180, -1410
150, -1410
120, -1410
120, -1380
150, -1380
150, -1350
120, -1350
120, -1320
150, -1320
180, -1320
180, -1350
210, -1350
210, -1320
210, -1290
180, -1290
180, -1260
210, -1260
210, -1230
210, -1200
180, -1200
180, -1230
150, -1230
150, -1200
120, -1200
120, -1230
120, -1260
150, -1260
150, -1290
120, -1290
90, -1290
60, -1290
59, -1260
90, -1260
90, -1230
90, -1200
60, -1200
60, -1230
30, -1230
29, -1200
0, -1200
0, -1230
0, -1260
29, -1260
30, -1290
0, -1290
0, -1320
0, -1350
30, -1350
30, -1320
60, -1320
90, -1320
90, -1350
60, -1350
60, -1380
90, -1380
90, -1410
60, -1410
30, -1410
29, -1380
0, -1380
0, -1410
0, -1440
29, -1440
30, -1470
0, -1470
0, -1500
0, -1530
30, -1530
30, -1500
60, -1500
60, -1530
90, -1530
90, -1500
90, -1470
60, -1470
60, -1440
90, -1440
120, -1440
120, -1470
150, -1470
150, -1440
180, -1440
210, -1440
210, -1470
180, -1470
180, -1500
210, -1500
210, -1530
180, -1530
150, -1530
150, -1500
120, -1500
120, -1530
120, -1560
120, -1590
150, -1590
150, -1560
180, -1560
210, -1560
210, -1590
180, -1590
180, -1620
210, -1620
210, -1650
180, -1650
150, -1650
150, -1620
120, -1620
120, -1650
90, -1650
60, -1650
59, -1620
90, -1620
90, -1590
90, -1560
60, -1560
60, -1590
30, -1590
29, -1560
0, -1560
0, -1590
0, -1620
29, -1620
30, -1650
0, -1650
0, -1680
0, -1710
30, -1710
30, -1680
60, -1680
90, -1680
90, -1710
60, -1710
60, -1740
90, -1740
90, -1770
60, -1770
30, -1770
29, -1740
0, -1740
0, -1770
0, -1800
29, -1800
30, -1830
0, -1830
0, -1860
0, -1890
30, -1890
30, -1860
60, -1860
60, -1890
90, -1890
90, -1860
90, -1830
60, -1830
60, -1800
90, -1800
120, -1800
150, -1800
150, -1830
120, -1830
120, -1860
120, -1890
150, -1890
150, -1860
180, -1860
180, -1890
210, -1890
210, -1860
210, -1830
180, -1830
180, -1800
210, -1800
210, -1770
210, -1740
180, -1740
180, -1770
150, -1770
120, -1770
120, -1740
150, -1740
150, -1710
120, -1710
120, -1680
150, -1680
180, -1680
180, -1710
210, -1710
210, -1680
240, -1680
240, -1710
270, -1710
270, -1680
300, -1680
330, -1680
330, -1710
300, -1710
300, -1740
330, -1740
330, -1770
300, -1770
270, -1770
270, -1740
240, -1740
240, -1770
240, -1800
270, -1800
270, -1830
240, -1830
240, -1860
240, -1890
270, -1890
270, -1860
300, -1860
300, -1890
330, -1890
330, -1860
330, -1830
300, -1830
300, -1800
330, -1800
360, -1800
390, -1800
390, -1830
360, -1830
360, -1860
360, -1890
390, -1890
390, -1860
420, -1860
420, -1890
450, -1890
450, -1860
450, -1830
420, -1830
420, -1800
450, -1800
450, -1770
450, -1740
420, -1740
420, -1770
390, -1770
360, -1770
360, -1740
390, -1740
390, -1710
360, -1710
360, -1680
390, -1680
420, -1680
420, -1710
450, -1710
450, -1680
450, -1650
420, -1650
420, -1620
450, -1620
450, -1590
450, -1560
420, -1560
420, -1590
390, -1590
390, -1560
360, -1560
360, -1590
360, -1620
390, -1620
390, -1650
360, -1650
330, -1650
330, -1620
300, -1620
300, -1650
270, -1650
240, -1650
240, -1620
270, -1620
270, -1590
240, -1590
240, -1560
270, -1560
300, -1560
300, -1590
330, -1590
330, -1560
330, -1530
330, -1500
300, -1500
300, -1530
270, -1530
240, -1530
240, -1500
270, -1500
270, -1470
240, -1470
240, -1440
270, -1440
300, -1440
300, -1470
330, -1470
330, -1440
360, -1440
390, -1440
390, -1470
360, -1470
360, -1500
360, -1530
390, -1530
390, -1500
420, -1500
420, -1530
450, -1530
450, -1500
450, -1470
420, -1470
420, -1440
450, -1440
480, -1440
510, -1440
510, -1470
480, -1470
480, -1500
480, -1530
510, -1530
510, -1500
540, -1500
540, -1530
570, -1530
570, -1500
570, -1470
540, -1470
540, -1440
570, -1440
600, -1440
600, -1470
630, -1470
630, -1440
660, -1440
690, -1440
690, -1470
660, -1470
660, -1500
690, -1500
690, -1530
660, -1530
630, -1530
630, -1500
600, -1500
600, -1530
600, -1560
600, -1590
630, -1590
630, -1560
660, -1560
690, -1560
690, -1590
660, -1590
660, -1620
690, -1620
690, -1650
660, -1650
630, -1650
630, -1620
600, -1620
600, -1650
570, -1650
540, -1650
540, -1620
570, -1620
570, -1590
570, -1560
540, -1560
540, -1590
510, -1590
510, -1560
480, -1560
480, -1590
480, -1620
510, -1620
510, -1650
480, -1650
480, -1680
480, -1710
510, -1710
510, -1680
540, -1680
570, -1680
570, -1710
540, -1710
540, -1740
570, -1740
570, -1770
540, -1770
510, -1770
510, -1740
480, -1740
480, -1770
480, -1800
510, -1800
510, -1830
480, -1830
480, -1860
480, -1890
510, -1890
510, -1860
540, -1860
540, -1890
570, -1890
570, -1860
570, -1830
540, -1830
540, -1800
570, -1800
600, -1800
630, -1800
630, -1830
600, -1830
600, -1860
600, -1890
630, -1890
630, -1860
660, -1860
660, -1890
690, -1890
690, -1860
690, -1830
660, -1830
660, -1800
690, -1800
690, -1770
690, -1740
660, -1740
660, -1770
630, -1770
600, -1770
600, -1740
630, -1740
630, -1710
600, -1710
600, -1680
630, -1680
660, -1680
660, -1710
690, -1710
690, -1680
720, -1680
720, -1710
750, -1710
750, -1680
780, -1680
810, -1680
810, -1710
780, -1710
780, -1740
810, -1740
810, -1770
780, -1770
750, -1770
750, -1740
720, -1740
720, -1770
720, -1800
750, -1800
750, -1830
720, -1830
720, -1860
720, -1890
750, -1890
750, -1860
780, -1860
780, -1890
810, -1890
810, -1860
810, -1830
780, -1830
780, -1800
810, -1800
840, -1800
870, -1800
870, -1830
840, -1830
840, -1860
840, -1890
870, -1890
870, -1860
900, -1860
900, -1890
930, -1890
930, -1860
930, -1830
900, -1830
900, -1800
930, -1800
930, -1770
930, -1740
900, -1740
900, -1770
870, -1770
840, -1770
840, -1740
870, -1740
870, -1710
840, -1710
840, -1680
870, -1680
900, -1680
900, -1710
930, -1710
930, -1680
930, -1650
900, -1650
900, -1620
930, -1620
930, -1590
930, -1560
900, -1560
900, -1590
870, -1590
870, -1560
840, -1560
840, -1590
840, -1620
870, -1620
870, -1650
840, -1650
810, -1650
810, -1620
780, -1620
780, -1650
750, -1650
720, -1650
720, -1620
750, -1620
750, -1590
720, -1590
720, -1560
750, -1560
780, -1560
780, -1590
810, -1590
810, -1560
810, -1530
810, -1500
780, -1500
780, -1530
750, -1530
720, -1530
720, -1500
750, -1500
750, -1470
720, -1470
720, -1440
750, -1440
780, -1440
780, -1470
810, -1470
810, -1440
840, -1440
870, -1440
870, -1470
840, -1470
840, -1500
840, -1530
870, -1530
870, -1500
900, -1500
900, -1530
930, -1530
930, -1500
930, -1470
900, -1470
900, -1440
930, -1440
930, -1410
930, -1380
900, -1380
900, -1410
870, -1410
840, -1410
840, -1380
870, -1380
870, -1350
840, -1350
840, -1320
870, -1320
900, -1320
900, -1350
930, -1350
930, -1320
930, -1290
900, -1290
900, -1260
930, -1260
930, -1230
930, -1200
900, -1200
900, -1230
870, -1230
870, -1200
840, -1200
840, -1230
840, -1260
870, -1260
870, -1290
840, -1290
810, -1290
780, -1290
780, -1260
810, -1260
810, -1230
810, -1200
780, -1200
780, -1230
750, -1230
750, -1200
720, -1200
720, -1230
720, -1260
750, -1260
750, -1290
720, -1290
720, -1320
720, -1350
750, -1350
750, -1320
780, -1320
810, -1320
810, -1350
780, -1350
780, -1380
810, -1380
810, -1410
780, -1410
750, -1410
750, -1380
720, -1380
720, -1410
690, -1410
660, -1410
660, -1380
690, -1380
690, -1350
690, -1320
660, -1320
660, -1350
630, -1350
630, -1320
600, -1320
600, -1350
600, -1380
630, -1380
630, -1410
600, -1410
570, -1410
570, -1380
540, -1380
540, -1410
510, -1410
480, -1410
480, -1380
510, -1380
510, -1350
480, -1350
480, -1320
510, -1320
540, -1320
540, -1350
570, -1350
570, -1320
570, -1290
570, -1260
540, -1260
540, -1290
510, -1290
480, -1290
480, -1260
510, -1260
510, -1230
480, -1230
480, -1200
510, -1200
540, -1200
540, -1230
570, -1230
570, -1200
600, -1200
630, -1200
630, -1230
600, -1230
600, -1260
600, -1290
630, -1290
630, -1260
660, -1260
660, -1290
690, -1290
690, -1260
690, -1230
660, -1230
660, -1200
690, -1200
690, -1170
660, -1170
660, -1140
690, -1140
690, -1110
690, -1080
660, -1080
660, -1110
630, -1110
630, -1080
600, -1080
600, -1110
600, -1140
630, -1140
630, -1170
600, -1170
570, -1170
570, -1140
540, -1140
540, -1170
510, -1170
480, -1170
480, -1140
510, -1140
510, -1110
480, -1110
480, -1080
510, -1080
540, -1080
540, -1110
570, -1110
570, -1080
570, -1050
570, -1020
540, -1020
540, -1050
510, -1050
480, -1050
480, -1020
510, -1020
510, -990
480, -990
480, -960
510, -960
540, -960
540, -990
570, -990
570, -960
600, -960
630, -960
630, -990
600, -990
600, -1020
600, -1050
630, -1050
630, -1020
660, -1020
660, -1050
690, -1050
690, -1020
690, -990
660, -990
660, -960
690, -960
720, -960
720, -990
750, -990
750, -960
780, -960
810, -960
810, -990
780, -990
780, -1020
810, -1020
810, -1050
780, -1050
750, -1050
750, -1020
720, -1020
720, -1050
720, -1080
750, -1080
750, -1110
720, -1110
720, -1140
720, -1170
750, -1170
750, -1140
780, -1140
780, -1170
810, -1170
810, -1140
810, -1110
780, -1110
780, -1080
810, -1080
840, -1080
870, -1080
870, -1110
840, -1110
840, -1140
840, -1170
870, -1170
870, -1140
900, -1140
900, -1170
930, -1170
930, -1140
930, -1110
900, -1110
900, -1080
930, -1080
930, -1050
930, -1020
900, -1020
900, -1050
870, -1050
840, -1050
840, -1020
870, -1020
870, -990
840, -990
840, -960
870, -960
900, -960
900, -990
930, -990
930, -960
960, -960
960, -990
990, -990
990, -960
1020, -960
1050, -960
1050, -990
1020, -990
1020, -1020
1050, -1020
1050, -1050
1020, -1050
990, -1050
990, -1020
960, -1020
960, -1050
960, -1080
990, -1080
990, -1110
960, -1110
960, -1140
960, -1170
990, -1170
990, -1140
1020, -1140
1020, -1170
1050, -1170
1050, -1140
1050, -1110
1020, -1110
1020, -1080
1050, -1080
1080, -1080
1110, -1080
1110, -1110
1080, -1110
1080, -1140
1080, -1170
1110, -1170
1110, -1140
1140, -1140
1140, -1170
1170, -1170
1170, -1140
1170, -1110
1140, -1110
1140, -1080
1170, -1080
1170, -1050
1170, -1020
1140, -1020
1140, -1050
1110, -1050
1080, -1050
1080, -1020
1110, -1020
1110, -990
1080, -990
1080, -960
1110, -960
1140, -960
1140, -990
1170, -990
1170, -960
1200, -960
1230, -960
1230, -990
1200, -990
1200, -1020
1200, -1050
1230, -1050
1230, -1020
1260, -1020
1260, -1050
1290, -1050
1290, -1020
1290, -990
1260, -990
1260, -960
1290, -960
1320, -960
1320, -990
1350, -990
1350, -960
1380, -960
1410, -960
1410, -990
1380, -990
1380, -1020
1410, -1020
1410, -1050
1380, -1050
1350, -1050
1350, -1020
1320, -1020
1320, -1050
1320, -1080
1320, -1110
1350, -1110
1350, -1080
1380, -1080
1410, -1080
1410, -1110
1380, -1110
1380, -1140
1410, -1140
1410, -1170
1380, -1170
1350, -1170
1350, -1140
1320, -1140
1320, -1170
1290, -1170
1260, -1170
1260, -1140
1290, -1140
1290, -1110
1290, -1080
1260, -1080
1260, -1110
1230, -1110
1230, -1080
1200, -1080
1200, -1110
1200, -1140
1230, -1140
1230, -1170
1200, -1170
1200, -1200
1230, -1200
1230, -1230
1200, -1230
1200, -1260
1200, -1290
1230, -1290
1230, -1260
1260, -1260
1260, -1290
1290, -1290
1290, -1260
1290, -1230
1260, -1230
1260, -1200
1290, -1200
1320, -1200
1320, -1230
1350, -1230
1350, -1200
1380, -1200
1410, -1200
1410, -1230
1380, -1230
1380, -1260
1410, -1260
1410, -1290
1380, -1290
1350, -1290
1350, -1260
1320, -1260
1320, -1290
1320, -1320
1320, -1350
1350, -1350
1350, -1320
1380, -1320
1410, -1320
1410, -1350
1380, -1350
1380, -1380
1410, -1380
1410, -1410
1380, -1410
1350, -1410
1350, -1380
1320, -1380
1320, -1410
1290, -1410
1260, -1410
1260, -1380
1290, -1380
1290, -1350
1290, -1320
1260, -1320
1260, -1350
1230, -1350
1230, -1320
1200, -1320
1200, -1350
1200, -1380
1230, -1380
1230, -1410
1200, -1410
1170, -1410
1170, -1380
1140, -1380
1140, -1410
1110, -1410
1080, -1410
1080, -1380
1110, -1380
1110, -1350
1080, -1350
1080, -1320
1110, -1320
1140, -1320
1140, -1350
1170, -1350
1170, -1320
1170, -1290
1140, -1290
1140, -1260
1170, -1260
1170, -1230
1170, -1200
1140, -1200
1140, -1230
1110, -1230
1110, -1200
1080, -1200
1080, -1230
1080, -1260
1110, -1260
1110, -1290
1080, -1290
1050, -1290
1020, -1290
1020, -1260
1050, -1260
1050, -1230
1050, -1200
1020, -1200
1020, -1230
990, -1230
990, -1200
960, -1200
960, -1230
960, -1260
990, -1260
990, -1290
960, -1290
960, -1320
960, -1350
990, -1350
990, -1320
1020, -1320
1050, -1320
1050, -1350
1020, -1350
1020, -1380
1050, -1380
1050, -1410
1020, -1410
990, -1410
990, -1380
960, -1380
960, -1410
960, -1440
990, -1440
990, -1470
960, -1470
960, -1500
960, -1530
990, -1530
990, -1500
1020, -1500
1020, -1530
1050, -1530
1050, -1500
1050, -1470
1020, -1470
1020, -1440
1050, -1440
1080, -1440
1080, -1470
1110, -1470
1110, -1440
1140, -1440
1170, -1440
1170, -1470
1140, -1470
1140, -1500
1170, -1500
1170, -1530
1140, -1530
1110, -1530
1110, -1500
1080, -1500
1080, -1530
1080, -1560
1080, -1590
1110, -1590
1110, -1560
1140, -1560
1170, -1560
1170, -1590
1140, -1590
1140, -1620
1170, -1620
1170, -1650
1140, -1650
1110, -1650
1110, -1620
1080, -1620
1080, -1650
1050, -1650
1020, -1650
1020, -1620
1050, -1620
1050, -1590
1050, -1560
1020, -1560
1020, -1590
990, -1590
990, -1560
960, -1560
960, -1590
960, -1620
990, -1620
990, -1650
960, -1650
960, -1680
960, -1710
990, -1710
990, -1680
1020, -1680
1050, -1680
1050, -1710
1020, -1710
1020, -1740
1050, -1740
1050, -1770
1020, -1770
990, -1770
990, -1740
960, -1740
960, -1770
960, -1800
990, -1800
990, -1830
960, -1830
960, -1860
960, -1890
990, -1890
990, -1860
1020, -1860
1020, -1890
1050, -1890
1050, -1860
1050, -1830
1020, -1830
1020, -1800
1050, -1800
1080, -1800
1110, -1800
1110, -1830
1080, -1830
1080, -1860
1080, -1890
1110, -1890
1110, -1860
1140, -1860
1140, -1890
1170, -1890
1170, -1860
1170, -1830
1140, -1830
1140, -1800
1170, -1800
1170, -1770
1170, -1740
1140, -1740
1140, -1770
1110, -1770
1080, -1770
1080, -1740
1110, -1740
1110, -1710
1080, -1710
1080, -1680
1110, -1680
1140, -1680
1140, -1710
1170, -1710
1170, -1680
1200, -1680
1200, -1710
1230, -1710
1230, -1680
1260, -1680
1290, -1680
1290, -1710
1260, -1710
1260, -1740
1290, -1740
1290, -1770
1260, -1770
1230, -1770
1230, -1740
1200, -1740
1200, -1770
1200, -1800
1230, -1800
1230, -1830
1200, -1830
1200, -1860
1200, -1890
1230, -1890
1230, -1860
1260, -1860
1260, -1890
1290, -1890
1290, -1860
1290, -1830
1260, -1830
1260, -1800
1290, -1800
1320, -1800
1350, -1800
1350, -1830
1320, -1830
1320, -1860
1320, -1890
1350, -1890
1350, -1860
1380, -1860
1380, -1890
1410, -1890
1410, -1860
1410, -1830
1380, -1830
1380, -1800
1410, -1800
1410, -1770
1410, -1740
1380, -1740
1380, -1770
1350, -1770
1320, -1770
1320, -1740
1350, -1740
1350, -1710
1320, -1710
1320, -1680
1350, -1680
1380, -1680
1380, -1710
1410, -1710
1410, -1680
1410, -1650
1380, -1650
1380, -1620
1410, -1620
1410, -1590
1410, -1560
1380, -1560
1380, -1590
1350, -1590
1350, -1560
1320, -1560
1320, -1590
1320, -1620
1350, -1620
1350, -1650
1320, -1650
1290, -1650
1290, -1620
1260, -1620
1260, -1650
1230, -1650
1200, -1650
1200, -1620
1230, -1620
1230, -1590
1200, -1590
1200, -1560
1230, -1560
1260, -1560
1260, -1590
1290, -1590
1290, -1560
1290, -1530
1290, -1500
1260, -1500
1260, -1530
1230, -1530
1200, -1530
1200, -1500
1230, -1500
1230, -1470
1200, -1470
1200, -1440
1230, -1440
1260, -1440
1260, -1470
1290, -1470
1290, -1440
1320, -1440
1350, -1440
1350, -1470
1320, -1470
1320, -1500
1320, -1530
1350, -1530
1350, -1500
1380, -1500
1380, -1530
1410, -1530
1410, -1500
1410, -1470
1380, -1470
1380, -1440
1410, -1440
1440, -1440
1470, -1440
1470, -1470
1440, -1470
1440, -1500
1440, -1530
1470, -1530
1470, -1500
1500, -1500
1500, -1530
1530, -1530
1530, -1500
1530, -1470
1500, -1470
1500, -1440
1530, -1440
1560, -1440
1560, -1470
1590, -1470
1590, -1440
1620, -1440
1650, -1440
1650, -1470
1620, -1470
1620, -1500
1650, -1500
1650, -1530
1620, -1530
1590, -1530
1590, -1500
1560, -1500
1560, -1530
1560, -1560
1560, -1590
1590, -1590
1590, -1560
1620, -1560
1650, -1560
1650, -1590
1620, -1590
1620, -1620
1650, -1620
1650, -1650
1620, -1650
1590, -1650
1590, -1620
1560, -1620
1560, -1650
1530, -1650
1500, -1650
1500, -1620
1530, -1620
1530, -1590
1530, -1560
1500, -1560
1500, -1590
1470, -1590
1470, -1560
1440, -1560
1440, -1590
1440, -1620
1470, -1620
1470, -1650
1440, -1650
1440, -1680
1440, -1710
1470, -1710
1470, -1680
1500, -1680
1530, -1680
1530, -1710
1500, -1710
1500, -1740
1530, -1740
1530, -1770
1500, -1770
1470, -1770
1470, -1740
1440, -1740
1440, -1770
1440, -1800
1470, -1800
1470, -1830
1440, -1830
1440, -1860
1440, -1890
1470, -1890
1470, -1860
1500, -1860
1500, -1890
1530, -1890
1530, -1860
1530, -1830
1500, -1830
1500, -1800
1530, -1800
1560, -1800
1590, -1800
1590, -1830
1560, -1830
1560, -1860
1560, -1890
1590, -1890
1590, -1860
1620, -1860
1620, -1890
1650, -1890
1650, -1860
1650, -1830
1620, -1830
1620, -1800
1650, -1800
1650, -1770
1650, -1740
1620, -1740
1620, -1770
1590, -1770
1560, -1770
1560, -1740
1590, -1740
1590, -1710
1560, -1710
1560, -1680
1590, -1680
1620, -1680
1620, -1710
1650, -1710
1650, -1680
1680, -1680
1680, -1710
1710, -1710
1710, -1680
1740, -1680
1770, -1680
1770, -1710
1740, -1710
1740, -1740
1770, -1740
1770, -1770
1740, -1770
1710, -1770
1710, -1740
1680, -1740
1680, -1770
1680, -1800
1710, -1800
1710, -1830
1680, -1830
1680, -1860
1680, -1890
1710, -1890
1710, -1860
1740, -1860
1740, -1890
1770, -1890
1770, -1860
1770, -1830
1740, -1830
1740, -1800
1770, -1800
1800, -1800
1830, -1800
1830, -1830
1800, -1830
1800, -1860
1800, -1890
1830, -1890
1830, -1860
1860, -1860
1860, -1890
1890, -1890
1890, -1860
1890, -1830
1860, -1830
1860, -1800
1890, -1800
1890, -1770
1890, -1740
1860, -1740
1860, -1770
1830, -1770
1800, -1770
1800, -1740
1830, -1740
1830, -1710
1800, -1710
1800, -1680
1830, -1680
1860, -1680
1860, -1710
1890, -1710
1890, -1680
1890, -1650
1860, -1650
1860, -1620
1890, -1620
1890, -1590
1890, -1560
1860, -1560
1860, -1590
1830, -1590
1830, -1560
1800, -1560
1800, -1590
1800, -1620
1830, -1620
1830, -1650
1800, -1650
1770, -1650
1770, -1620
1740, -1620
1740, -1650
1710, -1650
1680, -1650
1680, -1620
1710, -1620
1710, -1590
1680, -1590
1680, -1560
1710, -1560
1740, -1560
1740, -1590
1770, -1590
1770, -1560
1770, -1530
1770, -1500
1740, -1500
1740, -1530
1710, -1530
1680, -1530
1680, -1500
1710, -1500
1710, -1470
1680, -1470
1680, -1440
1710, -1440
1740, -1440
1740, -1470
1770, -1470
1770, -1440
1800, -1440
1830, -1440
1830, -1470
1800, -1470
1800, -1500
1800, -1530
1830, -1530
1830, -1500
1860, -1500
1860, -1530
1890, -1530
1890, -1500
1890, -1470
1860, -1470
1860, -1440
1890, -1440
1890, -1410
1890, -1380
1860, -1380
1860, -1410
1830, -1410
1800, -1410
1800, -1380
1830, -1380
1830, -1350
1800, -1350
1800, -1320
1830, -1320
1860, -1320
1860, -1350
1890, -1350
1890, -1320
1890, -1290
1860, -1290
1860, -1260
1890, -1260
1890, -1230
1890, -1200
1860, -1200
1860, -1230
1830, -1230
1830, -1200
1800, -1200
1800, -1230
1800, -1260
1830, -1260
1830, -1290
1800, -1290
1770, -1290
1740, -1290
1740, -1260
1770, -1260
1770, -1230
1770, -1200
1740, -1200
1740, -1230
1710, -1230
1710, -1200
1680, -1200
1680, -1230
1680, -1260
1710, -1260
1710, -1290
1680, -1290
1680, -1320
1680, -1350
1710, -1350
1710, -1320
1740, -1320
1770, -1320
1770, -1350
1740, -1350
1740, -1380
1770, -1380
1770, -1410
1740, -1410
1710, -1410
1710, -1380
1680, -1380
1680, -1410
1650, -1410
1620, -1410
1620, -1380
1650, -1380
1650, -1350
1650, -1320
1620, -1320
1620, -1350
1590, -1350
1590, -1320
1560, -1320
1560, -1350
1560, -1380
1590, -1380
1590, -1410
1560, -1410
1530, -1410
1530, -1380
1500, -1380
1500, -1410
1470, -1410
1440, -1410
1440, -1380
1470, -1380
1470, -1350
1440, -1350
1440, -1320
1470, -1320
1500, -1320
1500, -1350
1530, -1350
1530, -1320
1530, -1290
1530, -1260
1500, -1260
1500, -1290
1470, -1290
1440, -1290
1440, -1260
1470, -1260
1470, -1230
1440, -1230
1440, -1200
1470, -1200
1500, -1200
1500, -1230
1530, -1230
1530, -1200
1560, -1200
1590, -1200
1590, -1230
1560, -1230
1560, -1260
1560, -1290
1590, -1290
1590, -1260
1620, -1260
1620, -1290
1650, -1290
1650, -1260
1650, -1230
1620, -1230
1620, -1200
1650, -1200
1650, -1170
1620, -1170
1620, -1140
1650, -1140
1650, -1110
1650, -1080
1620, -1080
1620, -1110
1590, -1110
1590, -1080
1560, -1080
1560, -1110
1560, -1140
1590, -1140
1590, -1170
1560, -1170
1530, -1170
1530, -1140
1500, -1140
1500, -1170
1470, -1170
1440, -1170
1440, -1140
1470, -1140
1470, -1110
1440, -1110
1440, -1080
1470, -1080
1500, -1080
1500, -1110
1530, -1110
1530, -1080
1530, -1050
1530, -1020
1500, -1020
1500, -1050
1470, -1050
1440, -1050
1440, -1020
1470, -1020
1470, -990
1440, -990
1440, -960
1470, -960
1500, -960
1500, -990
1530, -990
1530, -960
1560, -960
1590, -960
1590, -990
1560, -990
1560, -1020
1560, -1050
1590, -1050
1590, -1020
1620, -1020
1620, -1050
1650, -1050
1650, -1020
1650, -990
1620, -990
1620, -960
1650, -960
1680, -960
1680, -990
1710, -990
1710, -960
1740, -960
1770, -960
1770, -990
1740, -990
1740, -1020
1770, -1020
1770, -1050
1740, -1050
1710, -1050
1710, -1020
1680, -1020
1680, -1050
1680, -1080
1710, -1080
1710, -1110
1680, -1110
1680, -1140
1680, -1170
1710, -1170
1710, -1140
1740, -1140
1740, -1170
1770, -1170
1770, -1140
1770, -1110
1740, -1110
1740, -1080
1770, -1080
1800, -1080
1830, -1080
1830, -1110
1800, -1110
1800, -1140
1800, -1170
1830, -1170
1830, -1140
1860, -1140
1860, -1170
1890, -1170
1890, -1140
1890, -1110
1860, -1110
1860, -1080
1890, -1080
1890, -1050
1890, -1020
1860, -1020
1860, -1050
1830, -1050
1800, -1050
1800, -1020
1830, -1020
1830, -990
1800, -990
1800, -960
1830, -960
1860, -960
1860, -990
1890, -990
1890, -960
1890, -930
1860, -930
1860, -900
1890, -900
1890, -870
1890, -840
1860, -840
1860, -870
1830, -870
1830, -840
1800, -840
1800, -870
1800, -900
1830, -900
1830, -930
1800, -930
1770, -930
1770, -900
1740, -900
1740, -930
1710, -930
1680, -930
1680, -900
1710, -900
1710, -870
1680, -870
1680, -840
1710, -840
1740, -840
1740, -870
1770, -870
1770, -840
1770, -810
1770, -780
1740, -780
1740, -810
1710, -810
1680, -810
1680, -780
1710, -780
1710, -750
1680, -750
1680, -720
1710, -720
1740, -720
1740, -750
1770, -750
1770, -720
1800, -720
1830, -720
1830, -750
1800, -750
1800, -780
1800, -810
1830, -810
1830, -780
1860, -780
1860, -810
1890, -810
1890, -780
1890, -750
1860, -750
1860, -720
1890, -720
1890, -690
1890, -660
1860, -660
1860, -690
1830, -690
1800, -690
1800, -660
1830, -660
1830, -630
1800, -630
1800, -600
1830, -600
1860, -600
1860, -630
1890, -630
1890, -600
1890, -570
1860, -570
1860, -540
1890, -540
1890, -510
1890, -480
1860, -480
1860, -510
1830, -510
1830, -480
1800, -480
1800, -510
1800, -540
1830, -540
1830, -570
1800, -570
1770, -570
1740, -570
1740, -540
1770, -540
1770, -510
1770, -480
1740, -480
1740, -510
1710, -510
1710, -480
1680, -480
1680, -510
1680, -540
1710, -540
1710, -570
1680, -570
1680, -600
1680, -630
1710, -630
1710, -600
1740, -600
1770, -600
1770, -630
1740, -630
1740, -660
1770, -660
1770, -690
1740, -690
1710, -690
1710, -660
1680, -660
1680, -690
1650, -690
1650, -660
1620, -660
1620, -690
1590, -690
1560, -690
1560, -660
1590, -660
1590, -630
1560, -630
1560, -600
1590, -600
1620, -600
1620, -630
1650, -630
1650, -600
1650, -570
1620, -570
1620, -540
1650, -540
1650, -510
1650, -480
1620, -480
1620, -510
1590, -510
1590, -480
1560, -480
1560, -510
1560, -540
1590, -540
1590, -570
1560, -570
1530, -570
1500, -570
1500, -540
1530, -540
1530, -510
1530, -480
1500, -480
1500, -510
1470, -510
1470, -480
1440, -480
1440, -510
1440, -540
1470, -540
1470, -570
1440, -570
1440, -600
1440, -630
1470, -630
1470, -600
1500, -600
1530, -600
1530, -630
1500, -630
1500, -660
1530, -660
1530, -690
1500, -690
1470, -690
1470, -660
1440, -660
1440, -690
1440, -720
1470, -720
1470, -750
1440, -750
1440, -780
1440, -810
1470, -810
1470, -780
1500, -780
1500, -810
1530, -810
1530, -780
1530, -750
1500, -750
1500, -720
1530, -720
1560, -720
1560, -750
1590, -750
1590, -720
1620, -720
1650, -720
1650, -750
1620, -750
1620, -780
1650, -780
1650, -810
1620, -810
1590, -810
1590, -780
1560, -780
1560, -810
1560, -840
1560, -870
1590, -870
1590, -840
1620, -840
1650, -840
1650, -870
1620, -870
1620, -900
1650, -900
1650, -930
1620, -930
1590, -930
1590, -900
1560, -900
1560, -930
1530, -930
1500, -930
1500, -900
1530, -900
1530, -870
1530, -840
1500, -840
1500, -870
1470, -870
1470, -840
1440, -840
1440, -870
1440, -900
1470, -900
1470, -930
1440, -930
1410, -930
1410, -900
1380, -900
1380, -930
1350, -930
1320, -930
1320, -900
1350, -900
1350, -870
1320, -870
1320, -840
1350, -840
1380, -840
1380, -870
1410, -870
1410, -840
1410, -810
1380, -810
1380, -780
1410, -780
1410, -750
1410, -720
1380, -720
1380, -750
1350, -750
1350, -720
1320, -720
1320, -750
1320, -780
1350, -780
1350, -810
1320, -810
1290, -810
1260, -810
1260, -780
1290, -780
1290, -750
1290, -720
1260, -720
1260, -750
1230, -750
1230, -720
1200, -720
1200, -750
1200, -780
1230, -780
1230, -810
1200, -810
1200, -840
1200, -870
1230, -870
1230, -840
1260, -840
1290, -840
1290, -870
1260, -870
1260, -900
1290, -900
1290, -930
1260, -930
1230, -930
1230, -900
1200, -900
1200, -930
1170, -930
1140, -930
1140, -900
1170, -900
1170, -870
1170, -840
1140, -840
1140, -870
1110, -870
1110, -840
1080, -840
1080, -870
1080, -900
1110, -900
1110, -930
1080, -930
1050, -930
1050, -900
1020, -900
1020, -930
990, -930
960, -930
960, -900
990, -900
990, -870
960, -870
960, -840
990, -840
1020, -840
1020, -870
1050, -870
1050, -840
1050, -810
1050, -780
1020, -780
1020, -810
990, -810
960, -810
960, -780
990, -780
990, -750
960, -750
960, -720
990, -720
1020, -720
1020, -750
1050, -750
1050, -720
1080, -720
1110, -720
1110, -750
1080, -750
1080, -780
1080, -810
1110, -810
1110, -780
1140, -780
1140, -810
1170, -810
1170, -780
1170, -750
1140, -750
1140, -720
1170, -720
1170, -690
1140, -690
1140, -660
1170, -660
1170, -630
1170, -600
1140, -600
1140, -630
1110, -630
1110, -600
1080, -600
1080, -630
1080, -660
1110, -660
1110, -690
1080, -690
1050, -690
1050, -660
1020, -660
1020, -690
990, -690
960, -690
960, -660
990, -660
990, -630
960, -630
960, -600
990, -600
1020, -600
1020, -630
1050, -630
1050, -600
1050, -570
1050, -540
1020, -540
1020, -570
990, -570
960, -570
960, -540
990, -540
990, -510
960, -510
960, -480
990, -480
1020, -480
1020, -510
1050, -510
1050, -480
1080, -480
1110, -480
1110, -510
1080, -510
1080, -540
1080, -570
1110, -570
1110, -540
1140, -540
1140, -570
1170, -570
1170, -540
1170, -510
1140, -510
1140, -480
1170, -480
1200, -480
1200, -510
1230, -510
1230, -480
1260, -480
1290, -480
1290, -510
1260, -510
1260, -540
1290, -540
1290, -570
1260, -570
1230, -570
1230, -540
1200, -540
1200, -570
1200, -600
1230, -600
1230, -630
1200, -630
1200, -660
1200, -690
1230, -690
1230, -660
1260, -660
1260, -690
1290, -690
1290, -660
1290, -630
1260, -630
1260, -600
1290, -600
1320, -600
1350, -600
1350, -630
1320, -630
1320, -660
1320, -690
1350, -690
1350, -660
1380, -660
1380, -690
1410, -690
1410, -660
1410, -630
1380, -630
1380, -600
1410, -600
1410, -570
1410, -540
1380, -540
1380, -570
1350, -570
1320, -570
1320, -540
1350, -540
1350, -510
1320, -510
1320, -480
1350, -480
1380, -480
1380, -510
1410, -510
1410, -480
1410, -450
1410, -420
1380, -420
1380, -450
1350, -450
1320, -450
1320, -420
1350, -420
1350, -390
1320, -390
1320, -360
1350, -360
1380, -360
1380, -390
1410, -390
1410, -360
1410, -330
1380, -330
1380, -300
1410, -300
1410, -270
1410, -240
1380, -240
1380, -270
1350, -270
1350, -240
1320, -240
1320, -270
1320, -300
1350, -300
1350, -330
1320, -330
1290, -330
1260, -330
1260, -300
1290, -300
1290, -270
1290, -240
1260, -240
1260, -270
1230, -270
1230, -240
1200, -240
1200, -270
1200, -300
1230, -300
1230, -330
1200, -330
1200, -360
1200, -390
1230, -390
1230, -360
1260, -360
1290, -360
1290, -390
1260, -390
1260, -420
1290, -420
1290, -450
1260, -450
1230, -450
1230, -420
1200, -420
1200, -450
1170, -450
1140, -450
1140, -420
1170, -420
1170, -390
1170, -360
1140, -360
1140, -390
1110, -390
1110, -360
1080, -360
1080, -390
1080, -420
1110, -420
1110, -450
1080, -450
1050, -450
1050, -420
1020, -420
1020, -450
990, -450
960, -450
960, -420
990, -420
990, -390
960, -390
960, -360
990, -360
1020, -360
1020, -390
1050, -390
1050, -360
1050, -330
1050, -300
1020, -300
1020, -330
990, -330
960, -330
960, -300
990, -300
990, -270
960, -270
960, -240
990, -240
1020, -240
1020, -270
1050, -270
1050, -240
1080, -240
1110, -240
1110, -270
1080, -270
1080, -300
1080, -330
1110, -330
1110, -300
1140, -300
1140, -330
1170, -330
1170, -300
1170, -270
1140, -270
1140, -240
1170, -240
1170, -210
1140, -210
1140, -180
1170, -180
1170, -150
1170, -120
1140, -120
1140, -150
1110, -150
1110, -120
1080, -120
1080, -150
1080, -180
1110, -180
1110, -210
1080, -210
1050, -210
1050, -180
1020, -180
1020, -210
990, -210
960, -210
960, -180
990, -180
990, -150
960, -150
960, -120
990, -120
1020, -120
1020, -150
1050, -150
1050, -120
1050, -90
1050, -60
1020, -59
1020, -90
990, -90
960, -90
960, -60
990, -60
990, -30
960, -29
960, 0
990, 0
1020, 0
1020, -29
1050, -29
1050, 0
1080, 0
1110, 0
1110, -29
1080, -30
1080, -60
1080, -90
1110, -90
1110, -60
1140, -60
1140, -90
1170, -90
1170, -60
1170, -30
1140, -29
1140, 0
1170, 0
1200, 0
1200, -29
1230, -29
1230, 0
1260, 0
1290, 0
1290, -29
1260, -30
1260, -60
1290, -60
1290, -90
1260, -90
1230, -90
1230, -60
1200, -60
1200, -90
1200, -120
1230, -120
1230, -150
1200, -150
1200, -180
1200, -210
1230, -210
1230, -180
1260, -180
1260, -210
1290, -210
1290, -180
1290, -150
1260, -150
1260, -120
1290, -120
1320, -120
1350, -120
1350, -150
1320, -150
1320, -180
1320, -210
1350, -210
1350, -180
1380, -180
1380, -210
1410, -210
1410, -180
1410, -150
1380, -150
1380, -120
1410, -120
1410, -90
1410, -60
1380, -59
1380, -90
1350, -90
1320, -90
1320, -60
1350, -60
1350, -30
1320, -29
1320, 0
1350, 0
1380, 0
1380, -29
1410, -29
1410, 0
1440, 0
1470, 0
1470, -29
1440, -30
1440, -60
1440, -90
1470, -90
1470, -60
1500, -60
1500, -90
1530, -90
1530, -60
1530, -30
1500, -29
1500, 0
1530, 0
1560, 0
1560, -29
1590, -29
1590, 0
1620, 0
1650, 0
1650, -29
1620, -30
1620, -60
1650, -60
1650, -90
1620, -90
1590, -90
1590, -60
1560, -60
1560, -90
1560, -120
1560, -150
1590, -150
1590, -120
1620, -120
1650, -120
1650, -150
1620, -150
1620, -180
1650, -180
1650, -210
1620, -210
1590, -210
1590, -180
1560, -180
1560, -210
1530, -210
1500, -210
1500, -180
1530, -180
1530, -150
1530, -120
1500, -120
1500, -150
1470, -150
1470, -120
1440, -120
1440, -150
1440, -180
1470, -180
1470, -210
1440, -210
1440, -240
1440, -270
1470, -270
1470, -240
1500, -240
1530, -240
1530, -270
1500, -270
1500, -300
1530, -300
1530, -330
1500, -330
1470, -330
1470, -300
1440, -300
1440, -330
1440, -360
1470, -360
1470, -390
1440, -390
1440, -420
1440, -450
1470, -450
1470, -420
1500, -420
1500, -450
1530, -450
1530, -420
1530, -390
1500, -390
1500, -360
1530, -360
1560, -360
1590, -360
1590, -390
1560, -390
1560, -420
1560, -450
1590, -450
1590, -420
1620, -420
1620, -450
1650, -450
1650, -420
1650, -390
1620, -390
1620, -360
1650, -360
1650, -330
1650, -300
1620, -300
1620, -330
1590, -330
1560, -330
1560, -300
1590, -300
1590, -270
1560, -270
1560, -240
1590, -240
1620, -240
1620, -270
1650, -270
1650, -240
1680, -240
1680, -270
1710, -270
1710, -240
1740, -240
1770, -240
1770, -270
1740, -270
1740, -300
1770, -300
1770, -330
1740, -330
1710, -330
1710, -300
1680, -300
1680, -330
1680, -360
1710, -360
1710, -390
1680, -390
1680, -420
1680, -450
1710, -450
1710, -420
1740, -420
1740, -450
1770, -450
1770, -420
1770, -390
1740, -390
1740, -360
1770, -360
1800, -360
1830, -360
1830, -390
1800, -390
1800, -420
1800, -450
1830, -450
1830, -420
1860, -420
1860, -450
1890, -450
1890, -420
1890, -390
1860, -390
1860, -360
1890, -360
1890, -330
1890, -300
1860, -300
1860, -330
1830, -330
1800, -330
1800, -300
1830, -300
1830, -270
1800, -270
1800, -240
1830, -240
1860, -240
1860, -270
1890, -270
1890, -240
1890, -210
1860, -210
1860, -180
1890, -180
1890, -150
1890, -120
1860, -120
1860, -150
1830, -150
1830, -120
1800, -120
1800, -150
1800, -180
1830, -180
1830, -210
1800, -210
1770, -210
1770, -180
1740, -180
1740, -210
1710, -210
1680, -210
1680, -180
1710, -180
1710, -150
1680, -150
1680, -120
1710, -120
1740, -120
1740, -150
1770, -150
1770, -120
1770, -90
1770, -60
1740, -59
1740, -90
1710, -90
1680, -90
1680, -60
1710, -60
1710, -30
1680, -29
1680, 0
1710, 0
1740, 0
1740, -29
1770, -29
1770, 0
1800, 0
1830, 0
1830, -29
1800, -30
1800, -60
1800, -90
1830, -90
1830, -60
1860, -60
1860, -90
1890, -90
1890, -60
1890, -30
1860, -29
1860, 0
1890, 0
